{"options":{"check_for_updates":true,"user_modified":null,"comment":null,"compatopts_for_requires":true,"compat_wrappedjsobject":false,"compat_metadata":false,"compat_foreach":false,"compat_powerful_this":null,"sandbox":null,"noframes":null,"unwrap":null,"run_at":null,"tab_types":null,"override":{"use_includes":[],"orig_includes":[],"merge_includes":true,"use_matches":[],"orig_matches":["https://weibo.com/*","https://www.weibo.com/*","https://s.weibo.com/weibo*","https://s.weibo.com/realtime*","https://s.weibo.com/video*"],"merge_matches":true,"use_excludes":[],"orig_excludes":["https://weibo.com/tv/*","https://www.weibo.com/tv/*","https://weibo.com/p/*","https://www.weibo.com/p/*"],"merge_excludes":true,"use_connects":[],"orig_connects":["weibo.com","www.weibo.com","sinaimg.cn","weibocdn.com","localhost"],"merge_connects":true,"use_blockers":[],"orig_run_at":"document-end","orig_noframes":null,"orig_run_in":[]},"run_in":null,"tags":[]},"settings":{"enabled":false,"position":4},"meta":{"name":"Download Weibo Images & Videos (Only support new version weibo UI)","uuid":"d6f63deb-f084-4fec-be99-6efaaea4f371","modified":1728754649484,"file_url":"https://update.greasyfork.org/scripts/430877/Download%20Weibo%20Images%20%20Videos%20%28Only%20support%20new%20version%20weibo%20UI%29.user.js"}}