{"options":{"check_for_updates":true,"user_modified":1721340828091,"comment":null,"compatopts_for_requires":true,"compat_wrappedjsobject":false,"compat_metadata":false,"compat_foreach":false,"compat_powerful_this":null,"sandbox":null,"noframes":null,"unwrap":null,"run_at":null,"tab_types":null,"override":{"use_includes":[],"orig_includes":[],"merge_includes":true,"use_matches":[],"orig_matches":["https://twitter.com/*","https://x.com/*","https://mobile.twitter.com/*"],"merge_matches":true,"use_excludes":[],"orig_excludes":[],"merge_excludes":true,"use_connects":[],"orig_connects":[],"merge_connects":true,"use_blockers":[],"orig_run_at":"document-idle","orig_noframes":null,"orig_run_in":[]},"run_in":null,"tags":[]},"settings":{"enabled":true,"position":3},"meta":{"name":"Twitter Media Downloader","uuid":"08863cde-4ebf-463c-8bcf-382b50c74d57","modified":1721340828090,"file_url":"https://update.greasyfork.org/scripts/423001/Twitter%20Media%20Downloader.user.js"}}