{"options":{"check_for_updates":true,"user_modified":null,"comment":null,"compatopts_for_requires":true,"compat_wrappedjsobject":false,"compat_metadata":false,"compat_foreach":false,"compat_powerful_this":null,"sandbox":null,"noframes":null,"unwrap":null,"run_at":null,"run_in":null,"tags":[],"override":{"use_includes":[],"orig_includes":["*://tieba.baidu.com/*","*://dq.tieba.com/*","*://jump2.bdimg.com/*","*://jump.bdimg.com/*"],"merge_includes":true,"use_matches":[],"orig_matches":[],"merge_matches":true,"use_excludes":[],"orig_excludes":["*://tieba.baidu.com/f/fdir*"],"merge_excludes":true,"use_connects":[],"orig_connects":[],"merge_connects":true,"use_blockers":[],"orig_run_at":"document-body","orig_run_in":[],"orig_noframes":null,"orig_tags":[]}},"settings":{"enabled":true,"position":5},"meta":{"name":"贴吧页面精简","uuid":"05335ee8-693d-4538-93d3-f60ff1ee14bf","modified":1733530079226,"file_url":"https://update.greasyfork.org/scripts/23687/%E8%B4%B4%E5%90%A7%E9%A1%B5%E9%9D%A2%E7%B2%BE%E7%AE%80.user.js"}}