{"options":{"check_for_updates":true,"user_modified":null,"comment":null,"compatopts_for_requires":true,"compat_wrappedjsobject":false,"compat_metadata":false,"compat_foreach":false,"compat_powerful_this":null,"sandbox":null,"noframes":null,"unwrap":null,"run_at":null,"run_in":null,"tags":[],"override":{"use_includes":[],"orig_includes":[],"merge_includes":true,"use_matches":[],"orig_matches":["*://*/*"],"merge_matches":true,"use_excludes":[],"orig_excludes":["*://yiyan.baidu.com/*","*://*.bing.com/search*"],"merge_excludes":true,"use_connects":[],"orig_connects":[],"merge_connects":true,"use_blockers":[],"orig_run_at":"document-start","orig_run_in":[],"orig_noframes":null,"orig_tags":[]}},"settings":{"enabled":true,"position":7},"meta":{"name":"音视频增强脚本：无极调速|倍速快学|快乐刷剧|视频下载|画面截图等「适用大部分网站」","uuid":"d281c3a7-8b46-4ecc-93bd-10714cc34df5","modified":1749686839059,"file_url":"https://update.greasyfork.org/scripts/381682/%E9%9F%B3%E8%A7%86%E9%A2%91%E5%A2%9E%E5%BC%BA%E8%84%9A%E6%9C%AC%EF%BC%9A%E6%97%A0%E6%9E%81%E8%B0%83%E9%80%9F%7C%E5%80%8D%E9%80%9F%E5%BF%AB%E5%AD%A6%7C%E5%BF%AB%E4%B9%90%E5%88%B7%E5%89%A7%7C%E8%A7%86%E9%A2%91%E4%B8%8B%E8%BD%BD%7C%E7%94%BB%E9%9D%A2%E6%88%AA%E5%9B%BE%E7%AD%89%E3%80%8C%E9%80%82%E7%94%A8%E5%A4%A7%E9%83%A8%E5%88%86%E7%BD%91%E7%AB%99%E3%80%8D.user.js"}}